id,firstname,name,e-mail,gender,ip
1,Lemmyyyy,Corbridge,lcorbridge0@yandex.ru,Male,143.57.180.197
2,Nissa,Carle,ncarle1@cbsnews.com,Female,20.198.164.25
3,Isak,Dungey,idungey2@sun.com,Male,213.199.152.227
4,Neila,Murford,nmurford3@google.ru,Female,126.162.161.12
5,Jedd,Cressor,jcressor4@posterous.com,Male,13.202.230.135
6,Sander,Neill,sneill5@stanford.edu,Male,180.90.136.240
7,Lisle,Wittman,lwittman6@utexas.edu,Male,182.153.159.1
8,Issi,Siley,isiley7@wikimedia.org,Female,88.68.221.194
9,Josepha,Marunchak,jmarunchak8@blog.com,Female,124.210.58.137
10,Selle,Durant,sdurant9@dedecms.com,Female,136.75.239.45
11,Lee,Alejandro,lalejandroa@salon.com,Male,209.79.255.107
12,Frederik,Woodhall,fwoodhallb@moonfruit.com,Male,147.144.144.12
13,Shirline,Rosenqvist,srosenqvistc@g.co,Female,165.179.254.135
14,Mindy,Bayliss,mbaylissd@washingtonpost.com,Female,45.45.51.15
15,Daveen,Bairstow,dbairstowe@so-net.ne.jp,Female,4.121.201.166
16,Davidde,Halworth,dhalworthf@youku.com,Male,232.255.238.124
17,Nikolos,Coppock.,ncoppockg@wix.com,Male,80.40.226.182
18,Dora,Dawton,ddawtonh@cisco.com,Female,183.24.95.103
19,Armando,McAlindon,amcalindoni@cornell.edu,Male,17.182.204.137
20,Lisa,Cursons,lcursonsj@phoca.cz,Female,202.105.141.140
21,Suzi,Bisseker,sbissekerk@github.com,Female,40.95.88.105
22,Britteny,Pattini,bpattinil@china.com.cn,Female,26.206.120.217
23,Guendolen,Haster,ghasterm@discovery.com,Female,189.164.45.178
24,Kaye,Bromley,kbromleyn@wix.com,Female,119.4.133.131
25,Rosetta,Dickson,rdicksono@hugedomains.com,Female,90.92.47.77
26,Patrizia,Beaty,pbeatyp@webs.com,Female,196.248.126.151
27,Antony,Dy,adyq@ehow.com,Male,127.233.60.237
28,Dacy,Eblein,debleinr@biglobe.ne.jp,Female,129.192.166.105
29,Gussi,Swanbourne,gswanbournes@rakuten.co.jp,Female,17.84.26.239
30,Broddie,Blonden,bblondent@bloomberg.com,Male,106.116.49.132
31,Lynn,Hutcheon,lhutcheonu@ustream.tv,Female,251.225.119.53
32,Dannie,Volkers,dvolkersv@walmart.com,Male,213.27.87.240
33,Celia,Brashaw,cbrashaww@latimes.com,Female,101.190.107.141
34,Maribelle,Conboy,mconboyx@google.pl,Female,124.50.164.110
35,Worthy,Letch,wletchy@economist.com,Male,60.207.168.183
36,Jena,Nangle,jnanglez@1und1.de,Female,130.137.143.5
37,Inge,Elion,ielion10@hostgator.com,Female,50.15.130.188
38,Griff,Putnam,gputnam11@illinois.edu,Male,22.108.227.165
39,Barry,Westwood,bwestwood12@jiathis.com,Male,6.159.2.88
40,Gerard,Woodger,gwoodger13@arstechnica.com,Male,8.102.24.35
41,Janaya,Shiel,jshiel14@theatlantic.com,Female,94.255.175.36
42,Kevina,Rubinek,krubinek15@photobucket.com,Female,18.128.129.76
43,Gil,Karpmann,gkarpmann16@latimes.com,Male,190.186.0.244
44,Seline,Mum,smum17@nps.gov,Female,17.67.33.17
45,Nataline,Noad,nnoad18@census.gov,Female,185.157.190.0
46,Bobbee,Bispham,bbispham19@google.com,Female,65.81.210.151
47,Andrea,Tummond,atummond1a@ucla.edu,Male,160.244.117.194
48,Patten,Flecknoe,pflecknoe1b@samsung.com,Male,133.211.252.24
49,Sheppard,Ruppeli,sruppeli1c@desdev.cn,Male,47.125.200.29
50,Ruprecht,Arnholtz,rarnholtz1d@gravatar.com,Male,129.33.93.248
51,Bianka,Binnes,bbinnes1e@umich.edu,Female,214.54.201.207
52,Agneta,Hayworth,ahayworth1f@tripadvisor.com,Female,130.157.23.231
53,Melisent,Christoffe,mchristoffe1g@goo.ne.jp,Female,127.49.181.30
54,Belicia,Parke,bparke1h@fotki.com,Female,87.8.208.218
55,Demetre,Errichelli,derrichelli1i@vinaora.com,Male,119.8.232.73
56,Dyanne,Van Der Weedenburg,dvanderweedenburg1j@storify.com,Female,154.133.77.140
57,Bab,Sole,bsole1k@ihg.com,Female,70.62.86.150
58,Marjory,Worssam,mworssam1l@bigcartel.com,Female,6.63.240.10
59,Tucker,Treanor,ttreanor1m@xinhuanet.com,Male,175.85.60.216
60,Modesta,Mora,mmora1n@huffingtonpost.com,Female,253.4.192.88
61,Greggory,Hansemann,ghansemann1o@telegraph.co.uk,Male,122.221.160.50
62,Walther,Snowling,wsnowling1p@pbs.org,Male,94.210.140.40
63,Damian,Hanigan,dhanigan1q@omniture.com,Male,213.106.95.63
64,Denys,Fussie,dfussie1r@bandcamp.com,Female,70.213.129.216
65,Salome,MacTrusty,smactrusty1s@umich.edu,Female,10.174.199.62
66,Rowen,Cainey,rcainey1t@upenn.edu,Male,71.244.119.89
67,Stinky,Cuttelar,scuttelar1u@clickbank.net,Male,43.126.4.90
68,Gaye,Harverson,gharverson1v@amazonaws.com,Female,191.17.79.188
69,Ilaire,Cudmore,icudmore1w@angelfire.com,Male,232.78.166.24
70,Jammal,Ambrosi,jambrosi1x@issuu.com,Male,162.255.77.85
71,Pauly,Chaucer,pchaucer1y@jimdo.com,Male,249.107.216.139
72,Joann,Plinck,jplinck1z@hostgator.com,Female,126.183.137.224
73,Cal,Elis,celis20@icq.com,Female,203.187.35.209
74,Corrine,Corless,ccorless21@goo.ne.jp,Female,53.164.23.95
75,Olenka,Dudin,odudin22@cnn.com,Female,145.77.62.194
76,Vinny,Timmins,vtimmins23@instagram.com,Male,113.111.201.84
77,Kylie,Bonniface,kbonniface24@ucoz.com,Female,161.123.170.68
78,Gannon,Yapp,gyapp25@gravatar.com,Male,72.107.129.236
79,Averil,Orpwood,aorpwood26@booking.com,Female,179.194.205.139
80,Karina,Taudevin,ktaudevin27@jiathis.com,Female,44.112.142.15
81,Clo,Arias,carias28@1und1.de,Female,240.40.101.61
82,Allistir,Juszkiewicz,ajuszkiewicz29@amazonaws.com,Male,249.200.166.223
83,Minor,Waulker,mwaulker2a@paginegialle.it,Male,250.53.75.143
84,Alisander,Mariet,amariet2b@sfgate.com,Male,130.252.45.157
85,Budd,Londing,blonding2c@nature.com,Male,117.107.0.79
86,Scott,Swallow,sswallow2d@bloglines.com,Male,28.44.16.16
87,Merrie,Crock,mcrock2e@ifeng.com,Female,68.245.0.1
88,Mei,Milkin,mmilkin2f@soup.io,Female,69.170.7.159
89,Ivette,Springate,ispringate2g@github.io,Female,200.12.167.137
90,Peadar,Marquis,pmarquis2h@desdev.cn,Male,162.232.96.218
91,Sax,Kettridge,skettridge2i@netlog.com,Male,215.108.80.184
92,Geordie,Brudenell,gbrudenell2j@freewebs.com,Male,54.244.167.225
93,Osgood,Longbottom,olongbottom2k@businessweek.com,Male,147.214.68.233
94,Tove,Rickarsey,trickarsey2l@phoca.cz,Female,234.54.72.215
95,Mellicent,Defau,mdefau2m@weibo.com,Female,2.226.221.1
96,Yetty,Hagart,yhagart2n@va.gov,Female,49.69.199.216
97,Dorita,Toplin,dtoplin2o@deviantart.com,Female,157.214.83.36
98,Farlee,Bellworthy,fbellworthy2p@usda.gov,Male,11.113.188.152
99,Maryanne,Gillean,mgillean2q@meetup.com,Female,214.106.187.188
100,Aurora,Sandars,asandars2r@skype.com,Female,248.26.113.168
,,,,,